CCAA;ANYO;EVIDA_H;EVIDA_M;EVIDA_T;GASTO_PROTG;GASTO_TOT;EVH_ME;EVM_ME;EVT_ME;GASTO_POBT;EVH_AG;
Andalucía (AN);2002;75,24;81,87;78,54;838,76;790;1;1;1;1;1;
Aragón (AR);2002;77,33;83,75;80,50;951,29;890;2;2;2;2;2;
Asturias, Principado de (AS);2002;75,70;83,32;79,52;945,54;924;1;1;1;2;2;
Balears, Illes (IB);2002;76,31;82,80;79,52;784,83;797;1;1;1;1;1;
Canarias (CN);2002;75,37;82,21;78,72;904,05;916;1;1;1;2;2;
Cantabria (CB);2002;76,28;84,33;80,28;1013,26;977;1;2;2;2;2;
Castilla - La Mancha (CM);2002;77,58;83,33;80,41;872,20;828;2;1;2;1;1;
Castilla y León (CL);2002;77,62;84,39;80,95;893,32;839;2;2;2;1;1;
Cataluña (CT);2002;76,76;83,45;80,13;872,58;853;1;2;2;1;1;
Comunitat Valenciana (VC);2002;75,77;82,43;79,08;829,76;808;1;1;1;1;1;
Extremadura (EX);2002;75,99;82,95;79,40;944,54;895;1;1;1;2;2;
Galicia (GA);2002;80,18;83,77;80,18;902,00;864;2;2;2;1;1;
La Rioja (RI);2002;77,30;84,19;80,65;911,16;868;2;2;2;2;1;
Madrid, Comunidad de (MD);2002;80,98;84,33;80,98;828,84;760;2;2;2;1;1;
Murcia, Región de (MC);2002;75,89;82,04;78,95;880,18;823;1;1;1;1;1;
Navarra, C. Foral de (NC);2002;77,08;85,27;81,07;1010,70;994;2;2;2;2;2;
País Vasco (PV);2002;76,62;83,93;80,30;976,10;962;1;2;2;2;2;
Andalucía (AN);2003;75,17;81,69;78,41;904,91;855;1;1;1;1;1;
Aragón (AR);2003;77,28;83,26;80,23;1067,60;999;2;2;2;2;2;
Asturias, Principado de (AS);2003;75,39;83,07;79,23;1060,66;1038;1;1;1;2;2;
Balears, Illes (IB);2003;76,74;82,98;79,83;878,79;890;2;1;1;1;1;
Canarias (CN);2003;75,44;82,15;78,73;994,54;1008;1;1;1;1;2;
Cantabria (CB);2003;76,74;84,27;80,50;1160,40;1122;2;2;2;2;2;
Castilla - La Mancha (CM);2003;77,78;83,47;80,58;935,55;887;2;2;2;1;1;
Castilla y León (CL);2003;77,75;84,55;81,10;1022,78;960;2;2;2;2;2;
Cataluña (CT);2003;76,76;83,29;80,04;959,78;943;2;2;2;1;1;
Comunitat Valenciana (VC);2003;75,88;82,30;79,07;917,77;897;1;1;1;1;1;
Extremadura (EX);2003;75,99;82,16;79,02;1056,25;997;1;1;1;2;2;
Galicia (GA);2003;76,42;83,48;79,98;980,42;941;1;2;2;1;1;
La Rioja (RI);2003;77,42;84,32;80,78;996,89;948;2;2;2;2;1;
Madrid, Comunidad de (MD);2003;77,24;83,96;80,75;868,90;806;2;2;2;1;1;
Murcia, Región de (MC);2003;76,27;82,02;79,12;972,03;915;1;1;1;1;1;
Navarra, C. Foral de (NC);2003;77,75;84,45;81,07;1085,53;1066;2;2;2;2;2;
País Vasco (PV);2003;76,79;83,86;80,35;1048,16;1030;2;2;2;2;2;
Andalucía (AN);2004;75,68;82,24;78,95;974,94;919;1;1;1;1;1;
Aragón (AR);2004;77,17;84,09;80,56;1166,79;1100;1;2;2;2;2;
Asturias, Principado de (AS);2004;76,11;83,55;79,85;1135,37;1110;1;1;1;2;2;
Balears, Illes (IB);2004;77,18;83,65;80,39;953,32;946;2;1;1;1;1;
Canarias (CN);2004;75,75;82,14;78,90;1040,38;1038;1;1;1;1;2;
Cantabria (CB);2004;77,12;85,01;81,05;1242,30;1200;1;2;2;2;2;
Castilla - La Mancha (CM);2004;78,11;84,02;81,02;923,02;875;2;2;2;1;1;
Castilla y León (CL);2004;78,36;85,10;81,68;1090,54;1023;2;2;2;2;1;
Cataluña (CT);2004;77,34;84,17;80,78;988,11;967;2;2;2;1;1;
Comunitat Valenciana (VC);2004;76,75;83,05;79,89;974,11;944;1;1;1;1;1;
Extremadura (EX);2004;76,53;83,39;79,90;1129,12;1063;1;1;1;2;2;
Galicia (GA);2004;77,11;84,48;80,83;1061,07;1016;1;2;2;1;1;
La Rioja (RI);2004;78,41;84,44;81,40;1111,94;1057;2;2;2;2;2;
Madrid, Comunidad de (MD);2004;78,01;84,51;81,42;978,25;907;2;2;2;1;1;
Murcia, Región de (MC);2004;76,57;82,62;79,58;1059,27;994;1;1;1;1;1;
Navarra, C. Foral de (NC);2004;78,43;84,92;81,68;1163,17;1142;2;2;2;2;2;
País Vasco (PV);2004;77,39;84,42;80,94;1117,30;1095;2;2;2;2;2;
Andalucía (AN);2005;75,69;82,12;78,88;1022,62;966;1;1;1;1;1;
Aragón (AR);2005;77,66;83,72;80,65;1207,84;1140;2;1;2;2;2;
Asturias, Principado de (AS);2005;76,16;83,57;79,88;1203,59;1180;1;1;1;2;2;
Balears, Illes (IB);2005;77,21;83,57;80,36;1125,11;1115;2;1;1;1;2;
Canarias (CN);2005;76,03;82,51;79,22;1144,28;1145;1;1;1;1;2;
Cantabria (CB);2005;77,37;84,92;81,13;1330,57;1287;2;2;2;2;2;
Castilla - La Mancha (CM);2005;78,12;83,61;80,82;1171,86;1114;2;1;2;2;2;
Castilla y León (CL);2005;78,06;84,81;81,37;1176,18;1107;2;2;2;2;1;
Cataluña (CT);2005;77,17;83,76;80,48;1047,19;1028;2;1;2;1;1;
Comunitat Valenciana (VC);2005;76,64;82,75;79,68;1047,00;1020;1;1;1;1;1;
Extremadura (EX);2005;76,28;83,05;79,59;1207,47;1141;1;1;1;2;2;
Galicia (GA);2005;76,95;84,27;80,64;1148,85;1102;1;2;2;1;1;
La Rioja (RI);2005;77,63;84,38;80,93;1231,01;1177;2;2;2;2;2;
Madrid, Comunidad de (MD);2005;78,20;84,70;81,61;1023,51;962;2;2;2;1;1;
Murcia, Región de (MC);2005;76,66;82,82;79,69;1136,30;1068;1;1;1;1;1;
Navarra, C. Foral de (NC);2005;78,68;84,84;81,77;1200,54;1181;2;2;2;2;2;
País Vasco (PV);2005;77,13;84,63;80,89;1217,83;1193;1;2;2;2;2;
Andalucía (AN);2006;76,66;82,91;79,78;1108,04;1052;1;1;1;1;1;
Aragón (AR);2006;78,60;84,81;81,67;1319,16;1239;2;2;2;2;2;
Asturias, Principado de (AS);2006;76,41;84,33;80,38;1282,70;1259;1;1;1;2;2;
Balears, Illes (IB);2006;77,80;84,32;81,02;1115,02;1092;1;1;1;1;1;
Canarias (CN);2006;76,52;83,14;79,77;1213,88;1206;1;1;1;1;1;
Cantabria (CB);2006;77,54;84,68;81,13;1402,78;1358;1;2;1;2;2;
Castilla - La Mancha (CM);2006;79,08;84,68;81,84;1299,49;1234;2;2;2;2;2;
Castilla y León (CL);2006;79,01;85,53;82,24;1339,24;1264;2;2;2;2;2;
Cataluña (CT);2006;78,17;84,81;81,52;1158,18;1140;2;2;2;1;1;
Comunitat Valenciana (VC);2006;77,56;83,72;80,64;1105,76;1081;1;1;1;1;1;
Extremadura (EX);2006;77,27;84,08;80,61;1323,09;1251;1;1;1;2;2;
Galicia (GA);2006;77,34;84,60;81,00;1228,69;1182;1;2;1;1;1;
La Rioja (RI);2006;78,59;85,79;82,11;1553,20;1495;2;2;2;2;2;
Madrid, Comunidad de (MD);2006;78,91;85,48;82,37;1089,19;1023;2;2;2;1;1;
Murcia, Región de (MC);2006;77,41;83,45;80,39;1211,02;1146;1;1;1;1;1;
Navarra, C. Foral de (NC);2006;78,80;86,01;82,38;1281,23;1263;2;2;2;2;2;
País Vasco (PV);2006;78,09;85,40;81,78;1292,81;1266;2;2;2;2;2;
Andalucía (AN);2007;76,70;82,85;79,77;1163,55;1101;1;1;1;1;1;
Aragón (AR);2007;78,36;85,07;81,64;1418,78;1328;2;2;2;2;2;
Asturias, Principado de (AS);2007;76,83;84,15;80,52;1365,27;1333;1;1;1;2;2;
Balears, Illes (IB);2007;78,50;84,48;81,48;1213,95;1180;2;1;2;1;1;
Canarias (CN);2007;76,83;83,23;79,96;1291,94;1275;1;1;1;1;1;
Cantabria (CB);2007;77,54;84,78;81,16;1496,35;1441;1;2;1;2;2;
Castilla - La Mancha (CM);2007;78,95;84,26;81,57;1366,68;1290;2;1;2;2;1;
Castilla y León (CL);2007;78,97;85,49;82,18;1295,50;1215;2;2;2;1;1;
Cataluña (CT);2007;78,26;84,78;81,55;1272,18;1240;2;2;2;1;1;
Comunitat Valenciana (VC);2007;77,61;83,76;80,68;1186,84;1148;1;1;1;1;1;
Extremadura (EX);2007;77,52;83,85;80,63;1490,83;1406;1;1;1;2;2;
Galicia (GA);2007;77,45;84,70;81,10;1312,86;1260;1;2;1;1;1;
La Rioja (RI);2007;78,15;85,68;81,78;1876,75;1781;2;2;2;2;2;
Madrid, Comunidad de (MD);2007;78,97;85,48;82,39;1183,95;1102;2;2;2;1;1;
Murcia, Región de (MC);2007;77,39;83,59;80,45;1326,09;1250;1;1;1;1;1;
Navarra, C. Foral de (NC);2007;79,12;85,94;82,52;1395,45;1356;2;2;2;2;2;
País Vasco (PV);2007;78,13;84,99;81,61;1438,71;1405;2;2;2;2;2;
Andalucía (AN);2008;77,06;83,13;80,09;1326,81;1262;1;1;1;1;1;
Aragón (AR);2008;79,29;84,93;82,09;1510,75;1420;2;2;2;2;2;
Asturias, Principado de (AS);2008;77,17;84,59;80,90;1479,58;1444;1;1;1;2;2;
Balears, Illes (IB);2008;78,50;84,31;81,39;1263,13;1241;2;1;1;1;1;
Canarias (CN);2008;76,99;83,22;80,05;1432,24;1420;1;1;1;1;2;
Cantabria (CB);2008;78,31;85,25;81,80;1378,09;1330;1;2;2;1;1;
Castilla - La Mancha (CM);2008;79,18;84,95;82,01;1496,69;1428;2;2;2;2;2;
Castilla y León (CL);2008;79,49;85,67;82,54;1507,28;1422;2;2;2;2;2;
Cataluña (CT);2008;78,77;84,90;81,88;1370,79;1338;2;2;2;1;1;
Comunitat Valenciana (VC);2008;78,17;84,05;81,11;1263,54;1237;1;1;1;1;1;
Extremadura (EX);2008;78,21;84,39;81,26;1606,23;1520;1;1;1;2;2;
Galicia (GA);2008;78,04;85,09;81,59;1436,24;1380;1;2;2;1;1;
La Rioja (RI);2008;79,09;85,20;82,10;1541,60;1477;2;2;2;2;2;
Madrid, Comunidad de (MD);2008;79,57;85,99;82,96;1256,86;1185;2;2;2;1;1;
Murcia, Región de (MC);2008;77,94;83,21;80,57;1576,88;1489;1;1;1;2;2;
Navarra, C. Foral de (NC);2008;79,43;85,79;82,60;1509,46;1473;2;2;2;2;2;
País Vasco (PV);2008;78,57;85,45;82,05;1578,20;1542;2;2;2;2;2;
Andalucía (AN);2009;77,48;83,59;80,53;1306,36;1246;1;1;1;1;1;
Aragón (AR);2009;79,22;85,53;82,33;1609,29;1526;2;2;2;2;2;
Asturias, Principado de (AS);2009;77,84;84,59;81,26;1659,99;1624;1;1;1;2;2;
Balears, Illes (IB);2009;78,53;84,16;81,33;1343,39;1323;1;1;1;1;1;
Canarias (CN);2009;78,48;83,94;81,20;1480,73;1472;1;1;1;1;2;
Cantabria (CB);2009;78,62;85,83;82,24;1429,05;1384;1;2;2;1;1;
Castilla - La Mancha (CM);2009;79,91;85,39;82,60;1618,97;1556;2;2;2;2;2;
Castilla y León (CL);2009;79,99;86,21;83,06;1469,62;1390;2;2;2;1;1;
Cataluña (CT);2009;79,09;85,19;82,20;1440,05;1414;2;2;2;1;1;
Comunitat Valenciana (VC);2009;78,57;84,53;81,55;1374,88;1357;1;1;1;1;1;
Extremadura (EX);2009;78,05;84,73;81,31;1685,72;1594;1;1;1;2;2;
Galicia (GA);2009;78,31;85,09;81,73;1526,95;1469;1;1;1;2;2;
La Rioja (RI);2009;79,81;86,28;82,99;1513,32;1463;2;2;2;1;1;
Madrid, Comunidad de (MD);2009;80,07;86,29;83,37;1330,98;1266;2;2;2;1;1;
Murcia, Región de (MC);2009;78,33;83,86;81,08;1642,59;1559;1;1;1;2;2;
Navarra, C. Foral de (NC);2009;80,00;86,60;83,30;1629,08;1596;2;2;2;2;2;
País Vasco (PV);2009;78,77;85,75;82,31;1690,55;1657;1;2;2;2;2;
Andalucía (AN);2010;77,99;84,05;81,02;1261,62;1205;1;1;1;1;1;
Aragón (AR);2010;79,56;85,71;82,60;1561,21;1482;2;2;2;2;2;
Asturias, Principado de (AS);2010;77,73;85,14;81,47;1588,03;1554;1;1;1;2;2;
Balears, Illes (IB);2010;78,96;84,73;81,83;1566,24;1544;1;1;1;2;2;
Canarias (CN);2010;78,92;84,99;81,92;1402,02;1389;1;1;1;1;1;
Cantabria (CB);2010;78,76;86,28;82,53;1501,03;1456;1;2;2;1;1;
Castilla - La Mancha (CM);2010;80,44;85,87;83,12;1619,49;1560;2;2;2;2;2;
Castilla y León (CL);2010;80,12;86,75;83,38;1502,83;1421;2;2;2;1;1;
Cataluña (CT);2010;79,47;85,77;82,66;1454,99;1429;2;2;2;1;1;
Comunitat Valenciana (VC);2010;78,97;84,76;81,88;1405,06;1390;1;1;1;1;1;
Extremadura (EX);2010;78,42;84,58;81,45;1658,92;1572;1;1;1;2;2;
Galicia (GA);2010;78,82;85,62;82,25;1476,72;1421;1;2;1;1;1;
La Rioja (RI);2010;80,44;86,24;83,30;1505,79;1459;2;2;2;1;2;
Madrid, Comunidad de (MD);2010;80,74;86,82;83,97;1203,37;1153;2;2;2;1;1;
Murcia, Región de (MC);2010;79,21;84,63;81,92;1611,73;1538;1;1;1;2;2;
Navarra, C. Foral de (NC);2010;81,05;87,10;84,12;1600,77;1572;2;2;2;2;2;
País Vasco (PV);2010;79,44;86,13;82,85;1685,13;1653;2;2;2;2;2;
Andalucía (AN);2011;78,27;84,03;81,16;1182,49;1130;1;1;1;1;1;
Aragón (AR);2011;79,65;85,79;82,69;1608,67;1525;2;2;2;2;2;
Asturias, Principado de (AS);2011;78,02;85,27;81,68;1639,57;1600;1;1;1;2;2;
Balears, Illes (IB);2011;79,31;85,17;82,22;1466,74;1446;1;1;1;1;2;
Canarias (CN);2011;78,69;84,67;81,64;1337,00;1317;1;1;1;1;1;
Cantabria (CB);2011;79,27;86,35;82,83;1342,27;1298;1;2;2;1;1;
Castilla - La Mancha (CM);2011;80,68;85,71;83,18;1542,07;1488;2;1;2;2;2;
Castilla y León (CL);2011;80,60;86,80;83,67;1384,76;1311;2;2;2;1;1;
Cataluña (CT);2011;79,84;85,98;82,96;1372,47;1349;2;2;2;1;1;
Comunitat Valenciana (VC);2011;79,23;85,02;82,14;1364,49;1347;1;1;1;1;1;
Extremadura (EX);2011;78,80;85,53;82,09;1618,46;1534;1;1;1;2;2;
Galicia (GA);2011;79,11;85,80;82,49;1376,42;1324;1;2;1;1;1;
La Rioja (RI);2011;80,18;86,52;83,28;1487,28;1439;2;2;2;2;2;
Madrid, Comunidad de (MD);2011;81,02;86,99;84,20;1368,45;1313;2;2;2;1;1;
Murcia, Región de (MC);2011;79,21;84,85;82,03;1620,11;1551;1;1;1;2;2;
Navarra, C. Foral de (NC);2011;81,19;86,61;83,94;1569,80;1546;2;2;2;2;2;
País Vasco (PV);2011;79,51;86,28;82,95;1660,13;1633;1;2;2;2;2;
Andalucía (AN);2012;78,51;84,25;81,39;1189,17;1101;1;1;1;1;1;
Aragón (AR);2012;79,76;85,93;82,81;1549,22;1525;1;1;1;2;2;
Asturias, Principado de (AS);2012;78,14;85,44;81,83;1560,98;1546;1;1;1;2;2;
Balears, Illes (IB);2012;79,58;85,40;82,48;1268,63;1174;1;1;1;1;1;
Canarias (CN);2012;79,13;85,08;82,07;1285,47;1207;1;1;1;1;1;
Cantabria (CB);2012;79,47;86,55;83,03;1842,24;1771;1;2;2;2;2;
Castilla - La Mancha (CM);2012;80,84;85,86;83,33;1312,73;1254;2;1;2;1;1;
Castilla y León (CL);2012;80,74;86,97;83,82;1435,23;1368;2;2;2;2;2;
Cataluña (CT);2012;80,05;86,21;83,19;1345,79;1264;2;2;2;1;1;
Comunitat Valenciana (VC);2012;79,49;85,27;82,39;1307,52;1211;1;1;1;1;1;
Extremadura (EX);2012;78,92;85,69;82,23;1438,74;1412;1;1;1;2;2;
Galicia (GA);2012;79,30;85,95;82,65;1307,72;1277;1;2;1;1;1;
La Rioja (RI);2012;80,37;86,72;83,48;1341,03;1309;2;2;2;1;1;
Madrid, Comunidad de (MD);2012;81,37;87,36;84,56;1227,56;1193;2;2;2;1;1;
Murcia, Región de (MC);2012;79,45;85,11;82,28;1527,03;1444;1;1;1;2;2;
Navarra, C. Foral de (NC);2012;81,43;86,81;84,16;1649,03;1437;2;2;2;2;2;
País Vasco (PV);2012;79,75;86,55;83,21;1569,03;1590;1;2;2;2;2;
Andalucía (AN);2013;79,03;84,64;81,85;1148,30;1051;1;1;1;1;1;
Aragón (AR);2013;80,40;86,59;83,47;1285,24;1241;2;2;2;1;1;
Asturias, Principado de (AS);2013;79,07;85,79;82,50;1444,29;1431;1;1;1;2;2;
Balears, Illes (IB);2013;80,35;85,49;82,94;1240,95;1156;2;1;1;1;1;
Canarias (CN);2013;80,07;85,37;82,72;1331,95;1218;1;1;1;1;1;
Cantabria (CB);2013;80,28;86,46;83,43;1413,83;1362;2;2;2;2;2;
Castilla - La Mancha (CM);2013;80,82;86,32;83,53;1271,83;1210;2;2;2;1;1;
Castilla y León (CL);2013;81,07;87,01;84,01;1409,26;1354;2;2;2;2;2;
Cataluña (CT);2013;80,36;86,44;83,46;1314,91;1243;2;2;2;1;1;
Comunitat Valenciana (VC);2013;80,16;85,47;82,85;1241,43;1144;1;1;1;1;1;
Extremadura (EX);2013;79,24;85,16;82,15;1439,40;1404;1;1;1;2;2;
Galicia (GA);2013;79,79;86,00;82,94;1335,46;1293;1;1;1;1;2;
La Rioja (RI);2013;81,07;86,90;83,97;1330,08;1308;2;2;2;1;2;
Madrid, Comunidad de (MD);2013;81,68;87,57;84,82;1197,23;1159;2;2;2;1;1;
Murcia, Región de (MC);2013;80,11;85,33;82,73;1505,06;1427;1;1;1;2;2;
Navarra, C. Foral de (NC);2013;80,91;87,17;84,04;1520,19;1400;2;2;2;2;2;
País Vasco (PV);2013;80,19;87,14;83,73;1578,66;1570;1;2;2;2;2;
Andalucía (AN);2014;79,26;84,84;82,07;1109,66;1042;1;1;1;1;1;
Aragón (AR);2014;80,28;86,22;83,23;1478,39;1431;1;1;1;2;2;
Asturias, Principado de (AS);2014;79,16;85,63;82,47;1456,11;1440;1;1;1;2;2;
Balears, Illes (IB);2014;80,29;85,75;83,02;1290,43;1202;1;1;1;1;1;
Canarias (CN);2014;79,79;85,21;82,48;1346,56;1242;1;1;1;1;1;
Cantabria (CB);2014;79,91;86,30;83,13;1416,85;1369;1;2;1;2;2;
Castilla - La Mancha (CM);2014;80,95;86,52;83,68;1297,72;1224;2;2;2;1;1;
Castilla y León (CL);2014;81,14;87,13;84,10;1324,38;1274;2;2;2;1;1;
Cataluña (CT);2014;80,61;86,47;83,61;1289,39;1241;2;2;2;1;1;
Comunitat Valenciana (VC);2014;80,22;85,46;82,86;1284,49;1196;1;1;1;1;1;
Extremadura (EX);2014;79,79;85,72;82,71;1493,19;1451;1;1;1;2;2;
Galicia (GA);2014;80,08;86,58;83,37;1338,63;1299;1;2;2;1;1;
La Rioja (RI);2014;80,98;87,40;84,14;1351,89;1332;2;2;2;1;2;
Madrid, Comunidad de (MD);2014;81,92;87,59;84,95;1186,65;1165;2;2;2;1;1;
Murcia, Región de (MC);2014;80,37;85,32;82,86;1486,97;1417;1;1;1;2;2;
Navarra, C. Foral de (NC);2014;80,87;86,86;83,87;1494,84;1435;2;2;2;2;2;
País Vasco (PV);2014;80,71;86,87;83,88;1591,09;1588;2;2;2;2;2;
Andalucía (AN);2015;78,86;84,23;81,55;1145,85;1092;1;1;1;1;1;
Aragón (AR);2015;80,07;85,97;82,98;1514,26;1475;1;2;2;2;2;
Asturias, Principado de (AS);2015;79,09;85,46;82,34;1546,67;1535;1;1;1;2;2;
Balears, Illes (IB);2015;79,96;85,30;82,61;1379,40;1295;1;1;1;1;1;
Canarias (CN);2015;79,95;84,64;82,29;1410,17;1308;1;1;1;1;1;
Cantabria (CB);2015;79,91;85,82;82,90;1464,57;1422;1;2;1;2;2;
Castilla - La Mancha (CM);2015;80,42;85,81;83,06;1386,10;1307;2;2;2;1;1;
Castilla y León (CL);2015;80,98;86,77;83,84;1507,36;1454;2;2;2;2;2;
Cataluña (CT);2015;80,50;86,10;83,36;1383,55;1326;2;2;2;1;1;
Comunitat Valenciana (VC);2015;79,72;85,20;82,47;1394,16;1308;1;1;1;1;1;
Extremadura (EX);2015;79,20;85,31;82,20;1546,19;1506;1;1;1;2;2;
Galicia (GA);2015;79,82;85,90;82,90;1437,47;1399;1;2;1;1;2;
La Rioja (RI);2015;80,70;86,59;83,61;1397,79;1383;2;2;2;1;1;
Madrid, Comunidad de (MD);2015;81,48;87,05;84,43;1254,34;1242;2;2;2;1;1;
Murcia, Región de (MC);2015;79,94;84,94;82,44;1535,92;1473;1;1;1;2;2;
Navarra, C. Foral de (NC);2015;81,17;86,80;83,99;1550,90;1507;2;2;2;2;2;
País Vasco (PV);2015;80,27;86,41;83,41;1626,19;1635;2;2;2;2;2;
Andalucía (AN);2016;79,41;84,93;82,18;1158,86;1112;1;1;1;1;1;
Aragón (AR);2016;80,62;87,07;83,81;1577,52;1547;2;2;2;2;2;
Asturias, Principado de (AS);2016;79,34;85,80;82,64;1594,66;1584;1;1;1;2;2;
Balears, Illes (IB);2016;80,91;85,81;83,37;1378,28;1306;2;1;1;1;1;
Canarias (CN);2016;80,11;85,48;82,78;1425,94;1325;1;1;1;1;1;
Cantabria (CB);2016;80,33;86,64;83,52;1487,62;1449;1;2;2;2;2;
Castilla - La Mancha (CM);2016;80,94;86,44;83,64;1389,16;1315;2;2;2;1;1;
Castilla y León (CL);2016;81,32;87,37;84,30;1523,16;1474;2;2;2;2;2;
Cataluña (CT);2016;80,90;86,69;83,86;1417,00;1353;2;2;2;1;1;
Comunitat Valenciana (VC);2016;80,30;85,69;83,01;1411,08;1325;1;1;1;1;1;
Extremadura (EX);2016;79,81;85,51;82,62;1591,68;1552;1;1;1;2;2;
Galicia (GA);2016;79,74;86,28;83,02;1461,27;1424;1;1;1;1;2;
La Rioja (RI);2016;81,46;87,19;84,32;1404,98;1393;2;2;2;1;1;
Madrid, Comunidad de (MD);2016;82,24;87,83;85,22;1230,87;1223;2;2;2;1;1;
Murcia, Región de (MC);2016;80,46;85,29;82,89;1552,03;1494;1;1;1;2;2;
Navarra, C. Foral de (NC);2016;81,33;86,96;84,15;1584,84;1537;2;2;2;2;2;
País Vasco (PV);2016;80,67;87,05;83,93;1660,29;1668;2;2;2;2;2;
Andalucía (AN);2017;79,43;84,70;82,08;1199,24;1155;1;1;1;1;1;
Aragón (AR);2017;80,61;86,46;83,52;1582,94;1557;2;2;2;2;2;
Asturias, Principado de (AS);2017;79,69;85,83;82,84;1640,19;1633;1;1;1;2;2;
Balears, Illes (IB);2017;80,59;85,64;83,11;1440,70;1373;1;1;1;1;1;
Canarias (CN);2017;80,53;85,55;83,04;1454,32;1356;1;1;1;1;1;
Cantabria (CB);2017;80,54;86,63;83,63;1503,81;1463;1;2;2;2;2;
Castilla - La Mancha (CM);2017;80,70;85,79;83,20;1447,19;1374;2;1;1;1;1;
Castilla y León (CL);2017;81,42;87,03;84,20;1572,55;1523;2;2;2;2;2;
Cataluña (CT);2017;80,76;86,41;83,64;1443,11;1384;2;2;2;1;1;
Comunitat Valenciana (VC);2017;80,16;85,43;82,81;1440,20;1358;1;1;1;1;1;
Extremadura (EX);2017;79,67;85,27;82,42;1626,94;1589;1;1;1;2;2;
Galicia (GA);2017;80,39;86,32;83,40;1484,98;1448;1;2;2;1;1;
La Rioja (RI);2017;81,21;86,85;84,01;1434,45;1413;2;2;2;1;1;
Madrid, Comunidad de (MD);2017;82,30;87,51;85,08;1258,89;1252;2;2;2;1;1;
Murcia, Región de (MC);2017;79,98;85,26;82,61;1591,37;1537;1;1;1;2;2;
Navarra, C. Foral de (NC);2017;81,28;86,97;84,13;1651,05;1601;2;2;2;2;2;
País Vasco (PV);2017;80,87;86,99;84,00;1701,26;1707;2;2;2;2;2;
Andalucía (AN);2018;79,23;84,64;81,94;1264,66;1214;1;1;1;1;1;
Aragón (AR);2018;80,86;86,58;83,71;1620,35;1601;2;2;2;2;2;
Asturias, Principado de (AS);2018;79,68;85,79;82,80;1683,67;1677;1;1;1;2;2;
Balears, Illes (IB);2018;81,01;86,04;83,53;1477,40;1421;2;1;2;1;1;
Canarias (CN);2018;79,94;85,16;82,53;1530,02;1431;1;1;1;1;1;
Cantabria (CB);2018;80,38;86,65;83,54;1588,53;1542;1;2;2;2;2;
Castilla - La Mancha (CM);2018;81,15;86,26;83,67;1517,70;1443;2;2;2;1;1;
Castilla y León (CL);2018;81,50;86,94;84,20;1628,89;1578;2;2;2;2;2;
Cataluña (CT);2018;80,75;86,48;83,67;1492,08;1422;2;2;2;1;1;
Comunitat Valenciana (VC);2018;80,15;85,41;82,79;1486,31;1404;1;1;1;1;1;
Extremadura (EX);2018;79,83;85,65;82,68;1663,26;1623;1;1;1;2;2;
Galicia (GA);2018;80,24;86,38;83,34;1529,94;1492;1;2;1;1;2;
La Rioja (RI);2018;80,89;86,81;83,81;1497,75;1467;2;2;2;1;1;
Madrid, Comunidad de (MD);2018;82,49;88,01;85,43;1289,26;1278;2;2;2;1;1;
Murcia, Región de (MC);2018;80,22;85,45;82,84;1611,70;1563;1;1;1;2;2;
Navarra, C. Foral de (NC);2018;81,52;87,22;84,38;1688,49;1645;2;2;2;2;2;
País Vasco (PV);2018;81,04;86,89;84,05;1744,13;1748;2;2;2;2;2;
Andalucía (AN);2019;79,76;85,25;82,52;1321,14;1264;1;1;1;1;1;
Aragón (AR);2019;81,44;87,07;84,26;1705,42;1677;2;2;2;2;2;
Asturias, Principado de (AS);2019;79,98;86,09;83,11;1781,64;1764;1;1;1;2;2;
Balears, Illes (IB);2019;81,63;86,49;84,09;1571,32;1515;2;1;2;1;1;
Canarias (CN);2019;80,85;86,05;83,44;1621,15;1516;1;1;1;1;1;
Cantabria (CB);2019;80,98;86,62;83,86;1736,75;1684;1;1;1;2;2;
Castilla - La Mancha (CM);2019;81,38;86,34;83,83;1594,99;1507;2;1;1;1;1;
Castilla y León (CL);2019;81,71;87,46;84,55;1727,62;1663;2;2;2;2;2;
Cataluña (CT);2019;81,25;87,04;84,20;1599,39;1503;2;2;2;1;1;
Comunitat Valenciana (VC);2019;80,59;86,20;83,41;1572,82;1469;1;1;1;1;1;
Extremadura (EX);2019;80,08;86,06;83,01;1735,43;1678;1;1;1;2;2;
Galicia (GA);2019;80,87;86,95;83,95;1616,15;1568;1;2;2;1;1;
La Rioja (RI);2019;81,18;86,98;84,06;1559,09;1523;2;2;2;1;1;
Madrid, Comunidad de (MD);2019;82,90;88,12;85,69;1363,55;1345;2;2;2;1;1;
Murcia, Región de (MC);2019;80,22;85,30;82,76;1676,81;1634;1;1;1;2;2;
Navarra, C. Foral de (NC);2019;82,37;87,41;84,93;1738,38;1686;2;2;2;2;2;
País Vasco (PV);2019;81,28;87,39;84,41;1815,72;1819;2;2;2;2;2;
Andalucía (AN);2020;78,99;84,40;81,68;1459,43;1401;1;1;1;1;1;
Aragón (AR);2020;79,70;84,91;82,28;1793,57;1765;1;1;1;2;2;
Asturias, Principado de (AS);2020;79,10;85,03;82,11;1913,34;1894;1;1;1;2;2;
Balears, Illes (IB);2020;81,37;86,29;83,83;1679,24;1625;2;2;2;1;1;
Canarias (CN);2020;80,81;85,89;83,34;1774,51;1664;2;2;2;2;1;
Cantabria (CB);2020;80,43;85,73;83,13;1856,34;1796;2;2;2;2;2;
Castilla - La Mancha (CM);2020;78,35;83,70;80,92;1797,19;1695;1;1;1;2;1;
Castilla y León (CL);2020;79,61;85,20;82,31;1936,35;1864;1;1;1;2;2;
Cataluña (CT);2020;79,39;84,85;82,14;1861,06;1743;1;1;1;2;2;
Comunitat Valenciana (VC);2020;79,90;85,24;82,57;1692,32;1579;2;1;2;1;1;
Extremadura (EX);2020;79,05;84,57;81,74;1831,38;1770;1;1;1;2;2;
Galicia (GA);2020;80,57;86,64;83,64;1755,68;1702;2;2;2;1;1;
La Rioja (RI);2020;79,53;85,42;82,41;1626,89;1589;1;2;1;1;1;
Madrid, Comunidad de (MD);2020;79,24;84,84;82,13;1521,86;1498;1;1;1;1;1;
Murcia, Región de (MC);2020;79,68;85,17;82,40;1810,34;1764;1;1;1;2;2;
Navarra, C. Foral de (NC);2020;80,66;85,93;83,29;1908,00;1845;2;2;2;2;2;
País Vasco (PV);2020;80,38;86,25;83,37;1947,58;1954;2;2;2;2;2;
Andalucía (AN);2021;78,87;84,36;81,60;1555,81;1496;1;1;1;1;1;
Aragón (AR);2021;80,58;86,25;83,40;1890,15;1869;2;1;1;2;2;
Asturias, Principado de (AS);2021;80,10;85,55;82,91;1984,66;1969;1;1;1;2;2;
Balears, Illes (IB);2021;81,05;86,33;83,68;1739,16;1696;2;2;2;1;1;
Canarias (CN);2021;80,68;85,80;83,22;1887,50;1787;2;1;1;2;1;
Cantabria (CB);2021;80,84;87,04;83,97;1924,91;1863;2;2;2;2;2;
Castilla - La Mancha (CM);2021;80,41;86,11;83,18;1893,88;1790;1;1;1;2;1;
Castilla y León (CL);2021;81,17;87,49;84,25;1946,40;1881;2;2;2;2;2;
Cataluña (CT);2021;80,62;86,55;83,62;1886,25;1812;2;2;2;2;2;
Comunitat Valenciana (VC);2021;79,60;85,24;82,41;1767,39;1650;1;1;1;1;1;
Extremadura (EX);2021;79,34;85,32;82,25;1953,46;1889;1;1;1;2;2;
Galicia (GA);2021;80,65;86,90;83,79;1826,53;1777;2;2;2;1;1;
La Rioja (RI);2021;80,42;86,22;83,29;1670,95;1642;1;1;1;1;1;
Madrid, Comunidad de (MD);2021;82,08;88,17;85,28;1558,07;1541;2;2;2;1;1;
Murcia, Región de (MC);2021;79,65;84,95;82,28;1946,13;1903;1;1;1;2;2;
Navarra, C. Foral de (NC);2021;81,86;87,63;84,74;1985,07;1928;2;2;2;2;2;
País Vasco (PV);2021;80,98;86,93;84,02;2025,62;2048;2;2;2;2;2;
Andalucía (AN);2022;79,19;84,62;81,90;1595,11;1533;1;1;1;1;1;
Aragón (AR);2022;80,16;85,90;83,01;1923,08;1908;1;2;1;2;2;
Asturias, Principado de (AS);2022;79,61;85,20;82,48;2071,06;2057;1;1;1;2;2;
Balears, Illes (IB);2022;80,21;85,68;82,93;1784,49;1732;1;1;1;1;1;
Canarias (CN);2022;79,41;84,58;81,98;1967,69;1865;1;1;1;2;2;
Cantabria (CB);2022;80,38;85,55;83,02;1979,49;1917;2;1;1;2;2;
Castilla - La Mancha (CM);2022;80,98;86,72;83,38;1878,98;1773;2;2;2;1;1;
Castilla y León (CL);2022;80,89;85,95;83,80;2031,26;1963;2;2;2;2;2;
Cataluña (CT);2022;80,83;86,32;83,63;1938,03;1853;2;2;2;2;2;
Comunitat Valenciana (VC);2022;79,89;85,24;82,57;1801,16;1678;1;1;1;1;1;
Extremadura (EX);2022;79,76;85,21;82,43;2013,97;1951;1;1;1;2;2;
Galicia (GA);2022;80,47;86,20;83,37;1883,79;1832;2;2;2;1;1;
La Rioja (RI);2022;80,41;86,16;83,25;1748,32;1714;2;2;2;1;1;
Madrid, Comunidad de (MD);2022;82,32;87,70;85,18;1640,90;1625;2;2;2;1;1;
Murcia, Región de (MC);2022;79,31;84,80;82,03;1996,47;1960;1;1;1;2;2;
Navarra, C. Foral de (NC);2022;81,02;86,80;83,90;2031,77;1967;2;2;2;2;2;
País Vasco (PV);2022;80,77;86,33;83,62;2120,21;2142;2;2;2;2;2;
